,ko,target,log2FoldChange
20361,Ikzf1_Plate15,ENSMUSG00000000184,0.31178756140181896
20363,Ikzf1_Plate15,ENSMUSG00000000253,0.428546405976178
20364,Ikzf1_Plate15,ENSMUSG00000000275,0.214566270576755
20365,Ikzf1_Plate15,ENSMUSG00000000325,1.28215733058881
20367,Ikzf1_Plate15,ENSMUSG00000000355,-0.253932378028672
20369,Ikzf1_Plate15,ENSMUSG00000000409,0.519016511419773
20370,Ikzf1_Plate15,ENSMUSG00000000486,-0.699099005350723
20371,Ikzf1_Plate15,ENSMUSG00000000555,0.37786272151091704
20373,Ikzf1_Plate15,ENSMUSG00000000594,-0.374926947032052
20374,Ikzf1_Plate15,ENSMUSG00000000628,0.527090350066686
20375,Ikzf1_Plate15,ENSMUSG00000000631,0.423740641896631
20376,Ikzf1_Plate15,ENSMUSG00000000682,-0.5467929579841511
20378,Ikzf1_Plate15,ENSMUSG00000000753,0.5656884961791949
20380,Ikzf1_Plate15,ENSMUSG00000000782,2.12857349375332
20386,Ikzf1_Plate15,ENSMUSG00000001029,0.278996746101623
20389,Ikzf1_Plate15,ENSMUSG00000001065,-0.404698889060914
20390,Ikzf1_Plate15,ENSMUSG00000001089,0.44906154655500896
20391,Ikzf1_Plate15,ENSMUSG00000001123,-0.33511452843037604
20392,Ikzf1_Plate15,ENSMUSG00000001128,-0.729105854280917
20393,Ikzf1_Plate15,ENSMUSG00000001157,-0.3099414714889289
20394,Ikzf1_Plate15,ENSMUSG00000001173,0.454506923341057
20396,Ikzf1_Plate15,ENSMUSG00000001211,0.6496325682999581
20397,Ikzf1_Plate15,ENSMUSG00000001228,-0.202361962266272
20399,Ikzf1_Plate15,ENSMUSG00000001281,-1.19051957257895
20401,Ikzf1_Plate15,ENSMUSG00000001313,0.814322154642097
20402,Ikzf1_Plate15,ENSMUSG00000001366,-0.26201928645226197
20404,Ikzf1_Plate15,ENSMUSG00000001435,0.7890809311046619
20405,Ikzf1_Plate15,ENSMUSG00000001441,0.347832051023236
20406,Ikzf1_Plate15,ENSMUSG00000001473,0.9578363592264109
20407,Ikzf1_Plate15,ENSMUSG00000001521,2.50921609894534
20408,Ikzf1_Plate15,ENSMUSG00000001552,0.37770100944400603
20409,Ikzf1_Plate15,ENSMUSG00000001700,-0.474258915832581
20410,Ikzf1_Plate15,ENSMUSG00000001750,0.31496755345793204
20418,Ikzf1_Plate15,ENSMUSG00000002059,0.846568930921623
20421,Ikzf1_Plate15,ENSMUSG00000002204,-0.26578446168207104
20422,Ikzf1_Plate15,ENSMUSG00000002289,-0.54563059314581
20426,Ikzf1_Plate15,ENSMUSG00000002603,-0.213080354387923
20429,Ikzf1_Plate15,ENSMUSG00000002799,0.446628322194939
20430,Ikzf1_Plate15,ENSMUSG00000002870,-0.273977004143965
20432,Ikzf1_Plate15,ENSMUSG00000002981,-0.262717370521328
20433,Ikzf1_Plate15,ENSMUSG00000003032,-2.25795375057073
20439,Ikzf1_Plate15,ENSMUSG00000003134,1.2561924424876
20441,Ikzf1_Plate15,ENSMUSG00000003283,-0.2897423500518789
20442,Ikzf1_Plate15,ENSMUSG00000003355,0.5787890910199921
20443,Ikzf1_Plate15,ENSMUSG00000003420,0.5022423180927511
20446,Ikzf1_Plate15,ENSMUSG00000003546,0.231303411449158
20447,Ikzf1_Plate15,ENSMUSG00000003573,0.618492083672406
20450,Ikzf1_Plate15,ENSMUSG00000003808,-0.20985912643498897
20452,Ikzf1_Plate15,ENSMUSG00000003824,-0.206518401901525
20453,Ikzf1_Plate15,ENSMUSG00000003847,0.41054756037663603
20454,Ikzf1_Plate15,ENSMUSG00000003882,-0.970048620615303
20456,Ikzf1_Plate15,ENSMUSG00000003955,0.221024469210888
20457,Ikzf1_Plate15,ENSMUSG00000003992,-0.22676596425601603
20458,Ikzf1_Plate15,ENSMUSG00000004018,-0.29927719195080393
20460,Ikzf1_Plate15,ENSMUSG00000004085,0.343992881898337
20464,Ikzf1_Plate15,ENSMUSG00000004113,1.60744732531231
20467,Ikzf1_Plate15,ENSMUSG00000004266,0.319138285577502
20472,Ikzf1_Plate15,ENSMUSG00000004451,0.21875592657776102
20474,Ikzf1_Plate15,ENSMUSG00000004535,-0.262978969127373
20475,Ikzf1_Plate15,ENSMUSG00000004568,-0.22379670068407997
20476,Ikzf1_Plate15,ENSMUSG00000004612,-0.36757700146949607
20477,Ikzf1_Plate15,ENSMUSG00000004642,-0.234976153256519
20478,Ikzf1_Plate15,ENSMUSG00000004661,0.5026868959194489
20479,Ikzf1_Plate15,ENSMUSG00000004677,0.202604131038371
20481,Ikzf1_Plate15,ENSMUSG00000004709,-0.513652966260262
20483,Ikzf1_Plate15,ENSMUSG00000004849,0.21658119693275799
20485,Ikzf1_Plate15,ENSMUSG00000004936,0.54072812931452
20486,Ikzf1_Plate15,ENSMUSG00000004952,-0.585028748953735
20488,Ikzf1_Plate15,ENSMUSG00000005034,-0.21607768850995002
20489,Ikzf1_Plate15,ENSMUSG00000005057,0.36846606289799294
20490,Ikzf1_Plate15,ENSMUSG00000005087,0.257254360463656
20491,Ikzf1_Plate15,ENSMUSG00000005125,0.42722957666928707
20496,Ikzf1_Plate15,ENSMUSG00000005410,-0.206303957484657
20497,Ikzf1_Plate15,ENSMUSG00000005417,0.38854367834653497
20498,Ikzf1_Plate15,ENSMUSG00000005447,0.309839105579646
20501,Ikzf1_Plate15,ENSMUSG00000005534,0.394350731624468
20505,Ikzf1_Plate15,ENSMUSG00000005682,0.29953444156548
20508,Ikzf1_Plate15,ENSMUSG00000005800,-1.04887050757273
20512,Ikzf1_Plate15,ENSMUSG00000005949,0.5815952920564511
20513,Ikzf1_Plate15,ENSMUSG00000005968,-0.7896094629116851
20521,Ikzf1_Plate15,ENSMUSG00000006344,1.2220465536063
20522,Ikzf1_Plate15,ENSMUSG00000006356,3.56425353942743
20523,Ikzf1_Plate15,ENSMUSG00000006360,-0.7288656892829649
20527,Ikzf1_Plate15,ENSMUSG00000006494,1.3835330680740903
20529,Ikzf1_Plate15,ENSMUSG00000006585,-0.231556063464493
20530,Ikzf1_Plate15,ENSMUSG00000006611,0.7798782004517328
20533,Ikzf1_Plate15,ENSMUSG00000006782,-0.243288795543494
20535,Ikzf1_Plate15,ENSMUSG00000007480,-0.8581245463797471
20537,Ikzf1_Plate15,ENSMUSG00000007655,1.4995611734499699
20538,Ikzf1_Plate15,ENSMUSG00000007659,0.33945272191755493
20542,Ikzf1_Plate15,ENSMUSG00000007867,2.6378614912502
20543,Ikzf1_Plate15,ENSMUSG00000007908,-0.3446872703123561
20544,Ikzf1_Plate15,ENSMUSG00000008036,0.261581058059397
20545,Ikzf1_Plate15,ENSMUSG00000008090,-0.9735555809352991
20546,Ikzf1_Plate15,ENSMUSG00000008318,-0.31567447927861897
20549,Ikzf1_Plate15,ENSMUSG00000008855,0.253231295675356
20550,Ikzf1_Plate15,ENSMUSG00000009350,0.205785680790623
20551,Ikzf1_Plate15,ENSMUSG00000009376,0.975771695889777
20552,Ikzf1_Plate15,ENSMUSG00000009418,1.50420704665277
20554,Ikzf1_Plate15,ENSMUSG00000009585,-0.291316119097273
20555,Ikzf1_Plate15,ENSMUSG00000009614,1.14568481057853
20558,Ikzf1_Plate15,ENSMUSG00000010663,0.45890794015880293
20560,Ikzf1_Plate15,ENSMUSG00000010830,0.8800177260808091
20561,Ikzf1_Plate15,ENSMUSG00000011114,0.23552086876786998
20563,Ikzf1_Plate15,ENSMUSG00000011263,0.745566725492979
20565,Ikzf1_Plate15,ENSMUSG00000011831,0.632904845259793
20567,Ikzf1_Plate15,ENSMUSG00000012428,1.03924714163931
20568,Ikzf1_Plate15,ENSMUSG00000012519,-0.27317465337895697
20569,Ikzf1_Plate15,ENSMUSG00000013033,-0.379119538777617
20575,Ikzf1_Plate15,ENSMUSG00000014303,0.661611034558968
20576,Ikzf1_Plate15,ENSMUSG00000014353,0.346052211086651
20578,Ikzf1_Plate15,ENSMUSG00000014551,0.20130513210129802
20580,Ikzf1_Plate15,ENSMUSG00000014767,-0.259590043557466
20582,Ikzf1_Plate15,ENSMUSG00000014778,0.548035296840959
20584,Ikzf1_Plate15,ENSMUSG00000014956,-0.256240361887603
20585,Ikzf1_Plate15,ENSMUSG00000015143,1.4671138235107197
20588,Ikzf1_Plate15,ENSMUSG00000015305,1.9094805873721101
20590,Ikzf1_Plate15,ENSMUSG00000015357,-0.24534669237561102
20591,Ikzf1_Plate15,ENSMUSG00000015568,4.67200935894583
20595,Ikzf1_Plate15,ENSMUSG00000015790,0.21935766386518
20599,Ikzf1_Plate15,ENSMUSG00000015937,-0.30455694900757896
20602,Ikzf1_Plate15,ENSMUSG00000016024,0.941028534448085
20603,Ikzf1_Plate15,ENSMUSG00000016087,0.390299914903771
20604,Ikzf1_Plate15,ENSMUSG00000016206,-0.228437448662016
20605,Ikzf1_Plate15,ENSMUSG00000016253,-0.20117112544253501
20608,Ikzf1_Plate15,ENSMUSG00000016487,0.525584739731025
20613,Ikzf1_Plate15,ENSMUSG00000017002,0.4024045428407171
20619,Ikzf1_Plate15,ENSMUSG00000017390,1.82195213702934
20620,Ikzf1_Plate15,ENSMUSG00000017493,1.0673195054618299
20621,Ikzf1_Plate15,ENSMUSG00000017697,-0.29466644204997605
20624,Ikzf1_Plate15,ENSMUSG00000017774,0.300383508782224
20625,Ikzf1_Plate15,ENSMUSG00000017830,0.49518046644813596
20626,Ikzf1_Plate15,ENSMUSG00000017831,-0.21543390083316397
20632,Ikzf1_Plate15,ENSMUSG00000018363,0.3786068730102561
20634,Ikzf1_Plate15,ENSMUSG00000018398,0.991486318189562
20635,Ikzf1_Plate15,ENSMUSG00000018401,0.33533986478394895
20636,Ikzf1_Plate15,ENSMUSG00000018411,0.7784105557076859
20638,Ikzf1_Plate15,ENSMUSG00000018507,-0.353614882862951
20641,Ikzf1_Plate15,ENSMUSG00000018570,-0.5397435871148879
20643,Ikzf1_Plate15,ENSMUSG00000018654,0.286256105813584
20645,Ikzf1_Plate15,ENSMUSG00000018774,0.891532227364109
20646,Ikzf1_Plate15,ENSMUSG00000018819,1.5172503517655
20647,Ikzf1_Plate15,ENSMUSG00000018821,0.5499081021539339
20649,Ikzf1_Plate15,ENSMUSG00000018909,0.484145352450516
20650,Ikzf1_Plate15,ENSMUSG00000018999,-0.23515748178351997
20652,Ikzf1_Plate15,ENSMUSG00000019087,-0.245192971491138
20659,Ikzf1_Plate15,ENSMUSG00000019214,-0.40224063365107393
20661,Ikzf1_Plate15,ENSMUSG00000019301,-0.7596373989125641
20664,Ikzf1_Plate15,ENSMUSG00000019461,-0.238846059393057
20665,Ikzf1_Plate15,ENSMUSG00000019487,0.387597399562821
20667,Ikzf1_Plate15,ENSMUSG00000019768,0.245763165895396
20669,Ikzf1_Plate15,ENSMUSG00000019790,0.5403612269801671
20687,Ikzf1_Plate15,ENSMUSG00000020029,0.244543430978137
20692,Ikzf1_Plate15,ENSMUSG00000020092,1.38362353542139
20694,Ikzf1_Plate15,ENSMUSG00000020101,0.694466742581457
20696,Ikzf1_Plate15,ENSMUSG00000020125,2.42686364180932
20697,Ikzf1_Plate15,ENSMUSG00000020150,1.19857435392804
20699,Ikzf1_Plate15,ENSMUSG00000020186,0.9294594132544329
20701,Ikzf1_Plate15,ENSMUSG00000020198,0.285166538908979
20702,Ikzf1_Plate15,ENSMUSG00000020220,0.31721249634062
20703,Ikzf1_Plate15,ENSMUSG00000020260,0.268783214123488
20706,Ikzf1_Plate15,ENSMUSG00000020275,-0.23637960466800698
20708,Ikzf1_Plate15,ENSMUSG00000020290,-0.224836078200728
20709,Ikzf1_Plate15,ENSMUSG00000020300,0.5133502797174411
20713,Ikzf1_Plate15,ENSMUSG00000020326,-0.20440107585902698
20714,Ikzf1_Plate15,ENSMUSG00000020328,-0.200486007697751
20716,Ikzf1_Plate15,ENSMUSG00000020346,-0.20513383950135897
20721,Ikzf1_Plate15,ENSMUSG00000020385,-0.26613630842783803
20725,Ikzf1_Plate15,ENSMUSG00000020459,0.26153384426348397
20728,Ikzf1_Plate15,ENSMUSG00000020482,-0.24269247841058803
20731,Ikzf1_Plate15,ENSMUSG00000020536,0.27620138772977504
20732,Ikzf1_Plate15,ENSMUSG00000020538,0.243196066617935
20733,Ikzf1_Plate15,ENSMUSG00000020541,0.6587916251155501
20735,Ikzf1_Plate15,ENSMUSG00000020572,0.237253523797693
20736,Ikzf1_Plate15,ENSMUSG00000020577,-0.37269852016076094
20737,Ikzf1_Plate15,ENSMUSG00000020589,-0.27829778146801504
20738,Ikzf1_Plate15,ENSMUSG00000020592,-0.249229140905876
20739,Ikzf1_Plate15,ENSMUSG00000020598,1.71220892621496
20741,Ikzf1_Plate15,ENSMUSG00000020635,1.39994896478784
20743,Ikzf1_Plate15,ENSMUSG00000020644,1.95513456045946
20746,Ikzf1_Plate15,ENSMUSG00000020689,0.48667602592871395
20748,Ikzf1_Plate15,ENSMUSG00000020716,0.40571951790060995
20749,Ikzf1_Plate15,ENSMUSG00000020717,-0.506307409052429
20750,Ikzf1_Plate15,ENSMUSG00000020719,-0.212702555936811
20752,Ikzf1_Plate15,ENSMUSG00000020723,1.5150306618532698
20753,Ikzf1_Plate15,ENSMUSG00000020732,-0.7891480928347661
20757,Ikzf1_Plate15,ENSMUSG00000020787,-0.40125845568334495
20760,Ikzf1_Plate15,ENSMUSG00000020798,-0.40835835970615
20761,Ikzf1_Plate15,ENSMUSG00000020827,0.525699735384921
20762,Ikzf1_Plate15,ENSMUSG00000020828,1.66045759339151
20763,Ikzf1_Plate15,ENSMUSG00000020841,0.200772836371493
20765,Ikzf1_Plate15,ENSMUSG00000020865,2.28516988412228
20768,Ikzf1_Plate15,ENSMUSG00000020893,0.541835031867417
20769,Ikzf1_Plate15,ENSMUSG00000020894,-0.49245143251238505
20776,Ikzf1_Plate15,ENSMUSG00000021069,0.466901031587072
20777,Ikzf1_Plate15,ENSMUSG00000021094,0.32073514005133
20778,Ikzf1_Plate15,ENSMUSG00000021108,0.7280317161517991
20781,Ikzf1_Plate15,ENSMUSG00000021143,0.36260664086135996
20782,Ikzf1_Plate15,ENSMUSG00000021171,0.40384683238104707
20788,Ikzf1_Plate15,ENSMUSG00000021236,0.261151402618175
20792,Ikzf1_Plate15,ENSMUSG00000021275,0.319120366607036
20794,Ikzf1_Plate15,ENSMUSG00000021281,1.41773962055368
20795,Ikzf1_Plate15,ENSMUSG00000021282,-0.210230933842328
20796,Ikzf1_Plate15,ENSMUSG00000021298,-0.530910049386737
20797,Ikzf1_Plate15,ENSMUSG00000021322,0.554522361723686
20798,Ikzf1_Plate15,ENSMUSG00000021338,0.485733329010785
20800,Ikzf1_Plate15,ENSMUSG00000021366,0.361962496260949
20801,Ikzf1_Plate15,ENSMUSG00000021375,0.213687904253059
20802,Ikzf1_Plate15,ENSMUSG00000021391,-0.29047915550950504
20803,Ikzf1_Plate15,ENSMUSG00000021428,-0.251012823383371
20811,Ikzf1_Plate15,ENSMUSG00000021592,-0.49502249393641296
20813,Ikzf1_Plate15,ENSMUSG00000021614,1.3555465837990002
20815,Ikzf1_Plate15,ENSMUSG00000021690,0.290614891293567
20819,Ikzf1_Plate15,ENSMUSG00000021720,1.0469107900147199
20820,Ikzf1_Plate15,ENSMUSG00000021725,-0.232884343480922
20824,Ikzf1_Plate15,ENSMUSG00000021756,0.5772540608975961
20826,Ikzf1_Plate15,ENSMUSG00000021779,0.5218309627882279
20827,Ikzf1_Plate15,ENSMUSG00000021785,-0.279842631574036
20828,Ikzf1_Plate15,ENSMUSG00000021796,1.00695280567769
20829,Ikzf1_Plate15,ENSMUSG00000021806,0.55063596587567
20833,Ikzf1_Plate15,ENSMUSG00000021831,-0.22501145882638604
20836,Ikzf1_Plate15,ENSMUSG00000021876,0.28001327503957896
20837,Ikzf1_Plate15,ENSMUSG00000021890,-0.309991647482803
20839,Ikzf1_Plate15,ENSMUSG00000021947,0.236773013555489
20841,Ikzf1_Plate15,ENSMUSG00000021987,-0.315620183906806
20845,Ikzf1_Plate15,ENSMUSG00000022037,1.40503525919097
20846,Ikzf1_Plate15,ENSMUSG00000022090,0.46513615936215996
20847,Ikzf1_Plate15,ENSMUSG00000022091,2.73761611729223
20849,Ikzf1_Plate15,ENSMUSG00000022108,-0.22511220989428798
20850,Ikzf1_Plate15,ENSMUSG00000022125,-0.20688725291289498
20852,Ikzf1_Plate15,ENSMUSG00000022141,0.312966455003027
20853,Ikzf1_Plate15,ENSMUSG00000022150,1.10175321099585
20854,Ikzf1_Plate15,ENSMUSG00000022157,0.418560641301055
20856,Ikzf1_Plate15,ENSMUSG00000022178,1.30287403440355
20857,Ikzf1_Plate15,ENSMUSG00000022184,-0.454994877870679
20858,Ikzf1_Plate15,ENSMUSG00000022214,-0.278586340567688
20861,Ikzf1_Plate15,ENSMUSG00000022246,0.787629298654163
20870,Ikzf1_Plate15,ENSMUSG00000022329,0.394103950479302
20874,Ikzf1_Plate15,ENSMUSG00000022376,1.47062429037156
20880,Ikzf1_Plate15,ENSMUSG00000022414,-0.31057204895276
20882,Ikzf1_Plate15,ENSMUSG00000022437,-0.20406312484920103
20884,Ikzf1_Plate15,ENSMUSG00000022440,2.41621745637146
20886,Ikzf1_Plate15,ENSMUSG00000022453,0.31405332784407897
20888,Ikzf1_Plate15,ENSMUSG00000022466,-0.35766536337295
20890,Ikzf1_Plate15,ENSMUSG00000022476,-0.281664033161051
20891,Ikzf1_Plate15,ENSMUSG00000022479,1.24876050038099
20892,Ikzf1_Plate15,ENSMUSG00000022500,0.291628438494975
20895,Ikzf1_Plate15,ENSMUSG00000022529,0.3878204772088979
20896,Ikzf1_Plate15,ENSMUSG00000022540,0.419422443873178
20900,Ikzf1_Plate15,ENSMUSG00000022558,0.36112478790602504
20901,Ikzf1_Plate15,ENSMUSG00000022565,0.472431582597391
20902,Ikzf1_Plate15,ENSMUSG00000022570,0.201656270390242
20904,Ikzf1_Plate15,ENSMUSG00000022584,5.74491450606525
20906,Ikzf1_Plate15,ENSMUSG00000022623,2.92273666065786
20911,Ikzf1_Plate15,ENSMUSG00000022723,0.477681882543575
20915,Ikzf1_Plate15,ENSMUSG00000022791,0.220618889796301
20917,Ikzf1_Plate15,ENSMUSG00000022799,0.673117752004755
20918,Ikzf1_Plate15,ENSMUSG00000022808,-0.254296083652439
20928,Ikzf1_Plate15,ENSMUSG00000022952,0.35488250585278996
20929,Ikzf1_Plate15,ENSMUSG00000022962,-0.23008995009507702
20931,Ikzf1_Plate15,ENSMUSG00000022973,0.38048719717051
20932,Ikzf1_Plate15,ENSMUSG00000022994,1.4070584251870502
20933,Ikzf1_Plate15,ENSMUSG00000023018,-0.20965352737593698
20934,Ikzf1_Plate15,ENSMUSG00000023022,1.03347264969054
20935,Ikzf1_Plate15,ENSMUSG00000023031,-0.49626879620171294
20936,Ikzf1_Plate15,ENSMUSG00000023067,-0.43524959796619
20937,Ikzf1_Plate15,ENSMUSG00000023079,0.543839837600978
20938,Ikzf1_Plate15,ENSMUSG00000023088,0.20452563297385198
20939,Ikzf1_Plate15,ENSMUSG00000023104,-0.20707873491743103
20943,Ikzf1_Plate15,ENSMUSG00000023191,1.8444497790513403
20944,Ikzf1_Plate15,ENSMUSG00000023348,0.7818455060477959
20945,Ikzf1_Plate15,ENSMUSG00000023367,1.1766266719418799
20946,Ikzf1_Plate15,ENSMUSG00000023456,0.267592925868474
20949,Ikzf1_Plate15,ENSMUSG00000023927,-0.377574699026311
20950,Ikzf1_Plate15,ENSMUSG00000023939,0.223186429316784
20953,Ikzf1_Plate15,ENSMUSG00000023947,0.6207545457300401
20955,Ikzf1_Plate15,ENSMUSG00000023972,0.8808931877617789
20956,Ikzf1_Plate15,ENSMUSG00000023982,0.234192561006273
20959,Ikzf1_Plate15,ENSMUSG00000024030,0.5564998796537671
20960,Ikzf1_Plate15,ENSMUSG00000024034,-0.5246794528026141
20965,Ikzf1_Plate15,ENSMUSG00000024052,0.342115458255549
20966,Ikzf1_Plate15,ENSMUSG00000024064,-0.25003416482335394
20968,Ikzf1_Plate15,ENSMUSG00000024074,1.30718533242717
20972,Ikzf1_Plate15,ENSMUSG00000024121,0.300486295827128
20984,Ikzf1_Plate15,ENSMUSG00000024294,0.33634078804584006
20985,Ikzf1_Plate15,ENSMUSG00000024299,-0.3841734080007321
20986,Ikzf1_Plate15,ENSMUSG00000024330,0.4598759047250321
20989,Ikzf1_Plate15,ENSMUSG00000024353,-0.576592495229973
20991,Ikzf1_Plate15,ENSMUSG00000024360,-0.20403150708318804
20992,Ikzf1_Plate15,ENSMUSG00000024378,0.266654381026274
20993,Ikzf1_Plate15,ENSMUSG00000024381,-0.28335850653746697
20996,Ikzf1_Plate15,ENSMUSG00000024431,0.304645218382602
20997,Ikzf1_Plate15,ENSMUSG00000024442,0.288161436567497
21002,Ikzf1_Plate15,ENSMUSG00000024535,0.824207692813252
21004,Ikzf1_Plate15,ENSMUSG00000024538,1.6818650535969197
21007,Ikzf1_Plate15,ENSMUSG00000024601,0.318606666561611
21010,Ikzf1_Plate15,ENSMUSG00000024621,2.5573041792155804
21011,Ikzf1_Plate15,ENSMUSG00000024639,0.24691333705674698
21012,Ikzf1_Plate15,ENSMUSG00000024640,-0.26614510335860303
21015,Ikzf1_Plate15,ENSMUSG00000024659,0.574013708346185
21017,Ikzf1_Plate15,ENSMUSG00000024663,1.6454912080086699
21018,Ikzf1_Plate15,ENSMUSG00000024664,0.9633959569941529
21019,Ikzf1_Plate15,ENSMUSG00000024665,0.583889180651664
21020,Ikzf1_Plate15,ENSMUSG00000024668,-0.252742737149198
21021,Ikzf1_Plate15,ENSMUSG00000024679,3.7948139717258704
21022,Ikzf1_Plate15,ENSMUSG00000024681,0.476536387697006
21024,Ikzf1_Plate15,ENSMUSG00000024696,-0.47659642104343497
21026,Ikzf1_Plate15,ENSMUSG00000024736,1.13965182496071
21028,Ikzf1_Plate15,ENSMUSG00000024754,0.613289537136677
21031,Ikzf1_Plate15,ENSMUSG00000024784,2.6599490117587594
21032,Ikzf1_Plate15,ENSMUSG00000024799,0.40986076101940794
21034,Ikzf1_Plate15,ENSMUSG00000024835,0.275984172423607
21037,Ikzf1_Plate15,ENSMUSG00000024866,1.07280274020366
21038,Ikzf1_Plate15,ENSMUSG00000024875,0.21741612019456896
21039,Ikzf1_Plate15,ENSMUSG00000024887,0.692569334072688
21043,Ikzf1_Plate15,ENSMUSG00000024953,0.24948145384288398
21044,Ikzf1_Plate15,ENSMUSG00000024960,0.519188893118799
21050,Ikzf1_Plate15,ENSMUSG00000025001,-0.233792521604971
21051,Ikzf1_Plate15,ENSMUSG00000025006,1.0386182998223599
21053,Ikzf1_Plate15,ENSMUSG00000025027,0.31089151054973496
21054,Ikzf1_Plate15,ENSMUSG00000025036,0.409303337695203
21055,Ikzf1_Plate15,ENSMUSG00000025050,-0.349366212157406
21056,Ikzf1_Plate15,ENSMUSG00000025060,0.335726871911138
21057,Ikzf1_Plate15,ENSMUSG00000025066,-0.299247099629938
21061,Ikzf1_Plate15,ENSMUSG00000025089,-0.801139291533037
21062,Ikzf1_Plate15,ENSMUSG00000025127,4.53005373512175
21071,Ikzf1_Plate15,ENSMUSG00000025203,0.280419276028563
21073,Ikzf1_Plate15,ENSMUSG00000025227,0.5323969016782549
21078,Ikzf1_Plate15,ENSMUSG00000025268,0.7457725031248671
21079,Ikzf1_Plate15,ENSMUSG00000025269,0.31786028142807504
21081,Ikzf1_Plate15,ENSMUSG00000025316,0.47108080896117704
21084,Ikzf1_Plate15,ENSMUSG00000025375,0.9991605515168679
21091,Ikzf1_Plate15,ENSMUSG00000025491,0.47644119239129296
21092,Ikzf1_Plate15,ENSMUSG00000025492,0.8910686406465559
21093,Ikzf1_Plate15,ENSMUSG00000025494,-0.203084295733636
21095,Ikzf1_Plate15,ENSMUSG00000025511,0.259020012252177
21102,Ikzf1_Plate15,ENSMUSG00000025626,-0.20134995236085101
21105,Ikzf1_Plate15,ENSMUSG00000025780,0.8307339540009839
21108,Ikzf1_Plate15,ENSMUSG00000025790,0.42627086091264205
21109,Ikzf1_Plate15,ENSMUSG00000025809,0.326215836532211
21111,Ikzf1_Plate15,ENSMUSG00000025817,-0.20968033145943898
21115,Ikzf1_Plate15,ENSMUSG00000025871,-0.358428152706838
21117,Ikzf1_Plate15,ENSMUSG00000025888,-0.222287469151189
21121,Ikzf1_Plate15,ENSMUSG00000025958,0.25579684082340803
21122,Ikzf1_Plate15,ENSMUSG00000025969,2.05021179099128
21127,Ikzf1_Plate15,ENSMUSG00000026012,1.06710265821897
21128,Ikzf1_Plate15,ENSMUSG00000026014,0.7088322148762449
21132,Ikzf1_Plate15,ENSMUSG00000026047,0.30137862980602304
21135,Ikzf1_Plate15,ENSMUSG00000026102,0.300948143759347
21136,Ikzf1_Plate15,ENSMUSG00000026116,0.26170874694157
21137,Ikzf1_Plate15,ENSMUSG00000026177,-0.496109128529587
21139,Ikzf1_Plate15,ENSMUSG00000026222,-0.309367477747978
21140,Ikzf1_Plate15,ENSMUSG00000026223,0.605201921013331
21146,Ikzf1_Plate15,ENSMUSG00000026277,0.246464114289534
21147,Ikzf1_Plate15,ENSMUSG00000026278,0.989384857535198
21150,Ikzf1_Plate15,ENSMUSG00000026341,-0.295210994513401
21151,Ikzf1_Plate15,ENSMUSG00000026355,-0.227327524251705
21154,Ikzf1_Plate15,ENSMUSG00000026360,-0.269913488496131
21156,Ikzf1_Plate15,ENSMUSG00000026421,0.24495852998611498
21157,Ikzf1_Plate15,ENSMUSG00000026425,0.396403015064807
21158,Ikzf1_Plate15,ENSMUSG00000026435,-0.529156665741638
21159,Ikzf1_Plate15,ENSMUSG00000026437,0.487486298685892
21160,Ikzf1_Plate15,ENSMUSG00000026447,1.32490754219611
21162,Ikzf1_Plate15,ENSMUSG00000026458,0.313652258821131
21165,Ikzf1_Plate15,ENSMUSG00000026509,-0.319821774246644
21167,Ikzf1_Plate15,ENSMUSG00000026548,0.684471077193052
21168,Ikzf1_Plate15,ENSMUSG00000026594,0.43869634438007704
21169,Ikzf1_Plate15,ENSMUSG00000026596,0.46415123135474295
21174,Ikzf1_Plate15,ENSMUSG00000026657,0.5973519490557161
21176,Ikzf1_Plate15,ENSMUSG00000026688,1.02230920424523
21177,Ikzf1_Plate15,ENSMUSG00000026700,2.00884052513063
21178,Ikzf1_Plate15,ENSMUSG00000026701,0.27814889028300105
21181,Ikzf1_Plate15,ENSMUSG00000026737,0.248017446156599
21182,Ikzf1_Plate15,ENSMUSG00000026749,0.47064178725831396
21184,Ikzf1_Plate15,ENSMUSG00000026768,1.0362918673333101
21186,Ikzf1_Plate15,ENSMUSG00000026782,0.351236960415677
21187,Ikzf1_Plate15,ENSMUSG00000026785,0.9228956576686139
21188,Ikzf1_Plate15,ENSMUSG00000026797,0.432328528480879
21189,Ikzf1_Plate15,ENSMUSG00000026814,4.3205368141647105
21190,Ikzf1_Plate15,ENSMUSG00000026822,2.2984735453963903
21191,Ikzf1_Plate15,ENSMUSG00000026833,0.483322265633836
21192,Ikzf1_Plate15,ENSMUSG00000026835,3.43409442964805
21194,Ikzf1_Plate15,ENSMUSG00000026843,0.24097781963278198
21197,Ikzf1_Plate15,ENSMUSG00000026873,-0.418773443444705
21202,Ikzf1_Plate15,ENSMUSG00000026893,-0.39216583274115996
21207,Ikzf1_Plate15,ENSMUSG00000026928,0.206780109064508
21208,Ikzf1_Plate15,ENSMUSG00000026930,-0.34462948603167304
21209,Ikzf1_Plate15,ENSMUSG00000026932,0.32562123160189005
21213,Ikzf1_Plate15,ENSMUSG00000026994,0.40679357474478006
21214,Ikzf1_Plate15,ENSMUSG00000027006,-0.36185144697788396
21217,Ikzf1_Plate15,ENSMUSG00000027078,0.9698350075470149
21218,Ikzf1_Plate15,ENSMUSG00000027079,-0.207926898429274
21221,Ikzf1_Plate15,ENSMUSG00000027162,-0.21679427616060198
21222,Ikzf1_Plate15,ENSMUSG00000027165,1.1052160683152599
21228,Ikzf1_Plate15,ENSMUSG00000027199,0.8933594184401609
21229,Ikzf1_Plate15,ENSMUSG00000027215,0.6154248404876931
21230,Ikzf1_Plate15,ENSMUSG00000027221,3.2310629746455497
21236,Ikzf1_Plate15,ENSMUSG00000027340,0.540128575967205
21238,Ikzf1_Plate15,ENSMUSG00000027358,1.47709424627417
21240,Ikzf1_Plate15,ENSMUSG00000027386,3.40275932961848
21241,Ikzf1_Plate15,ENSMUSG00000027422,0.28249731332739697
21243,Ikzf1_Plate15,ENSMUSG00000027429,-0.22193459025397602
21245,Ikzf1_Plate15,ENSMUSG00000027435,0.27841185270456104
21248,Ikzf1_Plate15,ENSMUSG00000027459,0.3847782463659629
21249,Ikzf1_Plate15,ENSMUSG00000027487,-0.33858007371111304
21250,Ikzf1_Plate15,ENSMUSG00000027508,0.6967088573131679
21251,Ikzf1_Plate15,ENSMUSG00000027523,-0.38591390131883596
21254,Ikzf1_Plate15,ENSMUSG00000027550,0.351759310639859
21255,Ikzf1_Plate15,ENSMUSG00000027562,0.33491144960496505
21257,Ikzf1_Plate15,ENSMUSG00000027611,2.41586317695999
21261,Ikzf1_Plate15,ENSMUSG00000027654,0.5307980891150711
21263,Ikzf1_Plate15,ENSMUSG00000027692,0.378211317434569
21264,Ikzf1_Plate15,ENSMUSG00000027699,-0.29349244590852197
21266,Ikzf1_Plate15,ENSMUSG00000027712,0.480003865376302
21268,Ikzf1_Plate15,ENSMUSG00000027750,0.651980039259349
21271,Ikzf1_Plate15,ENSMUSG00000027776,-0.321384569166081
21274,Ikzf1_Plate15,ENSMUSG00000027809,-0.217896249802386
21278,Ikzf1_Plate15,ENSMUSG00000027901,0.37735231096431104
21279,Ikzf1_Plate15,ENSMUSG00000027935,3.3738346121484604
21281,Ikzf1_Plate15,ENSMUSG00000027947,0.3765817485275689
21282,Ikzf1_Plate15,ENSMUSG00000027952,0.210853267883735
21283,Ikzf1_Plate15,ENSMUSG00000028004,0.862241624681883
21286,Ikzf1_Plate15,ENSMUSG00000028042,1.16081443917294
21290,Ikzf1_Plate15,ENSMUSG00000028062,0.23555164852803398
21291,Ikzf1_Plate15,ENSMUSG00000028068,0.524172304530361
21292,Ikzf1_Plate15,ENSMUSG00000028076,-0.44086421046118796
21293,Ikzf1_Plate15,ENSMUSG00000028080,0.438835976676112
21296,Ikzf1_Plate15,ENSMUSG00000028173,0.51713994423718
21301,Ikzf1_Plate15,ENSMUSG00000028266,0.305720666934378
21302,Ikzf1_Plate15,ENSMUSG00000028292,-0.255651750902004
21304,Ikzf1_Plate15,ENSMUSG00000028337,0.220531964530428
21306,Ikzf1_Plate15,ENSMUSG00000028370,1.23175412696094
21307,Ikzf1_Plate15,ENSMUSG00000028378,0.447637299282014
21308,Ikzf1_Plate15,ENSMUSG00000028393,0.300365300384297
21312,Ikzf1_Plate15,ENSMUSG00000028445,1.00290417291326
21313,Ikzf1_Plate15,ENSMUSG00000028459,-0.283023409111136
21317,Ikzf1_Plate15,ENSMUSG00000028497,0.8576335656843249
21318,Ikzf1_Plate15,ENSMUSG00000028514,0.306682493233898
21319,Ikzf1_Plate15,ENSMUSG00000028519,0.660330343289093
21323,Ikzf1_Plate15,ENSMUSG00000028565,-1.24681651607821
21327,Ikzf1_Plate15,ENSMUSG00000028641,0.77812128565722
21332,Ikzf1_Plate15,ENSMUSG00000028701,0.9016890094021659
21335,Ikzf1_Plate15,ENSMUSG00000028744,0.48575859573807395
21338,Ikzf1_Plate15,ENSMUSG00000028763,1.6102029387636598
21339,Ikzf1_Plate15,ENSMUSG00000028771,0.6024238965645711
21343,Ikzf1_Plate15,ENSMUSG00000028843,-0.286380364025391
21347,Ikzf1_Plate15,ENSMUSG00000028885,3.5381429180770896
21355,Ikzf1_Plate15,ENSMUSG00000028953,-0.22159682303837602
21360,Ikzf1_Plate15,ENSMUSG00000028980,0.4003704995987751
21361,Ikzf1_Plate15,ENSMUSG00000028990,-0.254221307790241
21367,Ikzf1_Plate15,ENSMUSG00000029090,0.606002705738652
21368,Ikzf1_Plate15,ENSMUSG00000029093,-1.1347048852458401
21370,Ikzf1_Plate15,ENSMUSG00000029108,0.34049331947714595
21372,Ikzf1_Plate15,ENSMUSG00000029153,1.08614884758805
21373,Ikzf1_Plate15,ENSMUSG00000029162,0.8921725507907479
21374,Ikzf1_Plate15,ENSMUSG00000029163,0.49426709135974395
21375,Ikzf1_Plate15,ENSMUSG00000029178,0.7562795641987491
21376,Ikzf1_Plate15,ENSMUSG00000029186,-0.32263338399435304
21377,Ikzf1_Plate15,ENSMUSG00000029233,-0.34731587797734603
21380,Ikzf1_Plate15,ENSMUSG00000029304,0.514220039635373
21382,Ikzf1_Plate15,ENSMUSG00000029313,0.48614409316731794
21384,Ikzf1_Plate15,ENSMUSG00000029322,-0.38740184172176206
21387,Ikzf1_Plate15,ENSMUSG00000029373,3.25873543811324
21390,Ikzf1_Plate15,ENSMUSG00000029406,-0.663255497052197
21392,Ikzf1_Plate15,ENSMUSG00000029428,0.293751145391024
21395,Ikzf1_Plate15,ENSMUSG00000029461,0.379001218019643
21396,Ikzf1_Plate15,ENSMUSG00000029471,0.682714958829824
21397,Ikzf1_Plate15,ENSMUSG00000029475,0.25630461831787804
21398,Ikzf1_Plate15,ENSMUSG00000029513,-0.205443307156117
21399,Ikzf1_Plate15,ENSMUSG00000029552,-0.21999280362967102
21400,Ikzf1_Plate15,ENSMUSG00000029553,0.8836922461180291
21401,Ikzf1_Plate15,ENSMUSG00000029560,0.461027180750719
21402,Ikzf1_Plate15,ENSMUSG00000029577,0.246376819094342
21404,Ikzf1_Plate15,ENSMUSG00000029616,-0.206562592579143
21405,Ikzf1_Plate15,ENSMUSG00000029629,-0.253496305208131
21407,Ikzf1_Plate15,ENSMUSG00000029634,-0.293187715204173
21408,Ikzf1_Plate15,ENSMUSG00000029648,1.3508841776879998
21413,Ikzf1_Plate15,ENSMUSG00000029710,1.79434231098732
21414,Ikzf1_Plate15,ENSMUSG00000029730,-0.2364925956143
21415,Ikzf1_Plate15,ENSMUSG00000029759,0.506140864635476
21418,Ikzf1_Plate15,ENSMUSG00000029782,-0.28024426943044706
21419,Ikzf1_Plate15,ENSMUSG00000029810,1.52086031094849
21421,Ikzf1_Plate15,ENSMUSG00000029860,0.25512937525518997
21423,Ikzf1_Plate15,ENSMUSG00000029911,-0.21522792964597304
21424,Ikzf1_Plate15,ENSMUSG00000029913,0.364482904752694
21426,Ikzf1_Plate15,ENSMUSG00000029919,0.389415057570192
21427,Ikzf1_Plate15,ENSMUSG00000029994,0.28082391931717
21429,Ikzf1_Plate15,ENSMUSG00000030054,1.0149369132264001
21433,Ikzf1_Plate15,ENSMUSG00000030064,5.21496378259994
21434,Ikzf1_Plate15,ENSMUSG00000030077,0.28346717543507693
21437,Ikzf1_Plate15,ENSMUSG00000030102,0.31848032117661
21438,Ikzf1_Plate15,ENSMUSG00000030122,1.3291795602085401
21439,Ikzf1_Plate15,ENSMUSG00000030123,0.584169866748033
21440,Ikzf1_Plate15,ENSMUSG00000030142,-0.28638339368346805
21441,Ikzf1_Plate15,ENSMUSG00000030144,0.203231325429405
21442,Ikzf1_Plate15,ENSMUSG00000030154,-1.0478101653110399
21443,Ikzf1_Plate15,ENSMUSG00000030156,-0.22342606374539103
21444,Ikzf1_Plate15,ENSMUSG00000030172,0.832674700366279
21448,Ikzf1_Plate15,ENSMUSG00000030207,0.7025339558198699
21450,Ikzf1_Plate15,ENSMUSG00000030225,-0.23751081923799303
21451,Ikzf1_Plate15,ENSMUSG00000030243,-0.22006008978328
21452,Ikzf1_Plate15,ENSMUSG00000030257,0.503604101452312
21453,Ikzf1_Plate15,ENSMUSG00000030272,0.274313031167865
21454,Ikzf1_Plate15,ENSMUSG00000030284,1.0979893534618101
21455,Ikzf1_Plate15,ENSMUSG00000030314,-0.24730358871589
21456,Ikzf1_Plate15,ENSMUSG00000030329,4.9411623589749505
21457,Ikzf1_Plate15,ENSMUSG00000030337,0.325327655457555
21458,Ikzf1_Plate15,ENSMUSG00000030341,0.42837165207006106
21460,Ikzf1_Plate15,ENSMUSG00000030447,0.316175726357231
21461,Ikzf1_Plate15,ENSMUSG00000030451,0.338804082671271
21462,Ikzf1_Plate15,ENSMUSG00000030471,0.21399873059949598
21467,Ikzf1_Plate15,ENSMUSG00000030614,-0.3544560672809579
21469,Ikzf1_Plate15,ENSMUSG00000030672,0.627561478228964
21471,Ikzf1_Plate15,ENSMUSG00000030681,0.245946526468209
21472,Ikzf1_Plate15,ENSMUSG00000030688,0.424364004494254
21473,Ikzf1_Plate15,ENSMUSG00000030691,0.623150919831124
21478,Ikzf1_Plate15,ENSMUSG00000030720,0.334423028259712
21480,Ikzf1_Plate15,ENSMUSG00000030748,0.29850479394553003
21484,Ikzf1_Plate15,ENSMUSG00000030774,0.475511924043631
21487,Ikzf1_Plate15,ENSMUSG00000030811,0.583042590010723
21488,Ikzf1_Plate15,ENSMUSG00000030825,0.89853712502752
21489,Ikzf1_Plate15,ENSMUSG00000030839,-0.34162298015038806
21490,Ikzf1_Plate15,ENSMUSG00000030844,0.864699254770168
21491,Ikzf1_Plate15,ENSMUSG00000030847,0.34793013309919996
21494,Ikzf1_Plate15,ENSMUSG00000030921,0.299123892221109
21497,Ikzf1_Plate15,ENSMUSG00000030987,0.33724108979781797
21499,Ikzf1_Plate15,ENSMUSG00000031024,0.9965202419408409
21501,Ikzf1_Plate15,ENSMUSG00000031097,1.27008483867013
21503,Ikzf1_Plate15,ENSMUSG00000031112,-0.21524501481639002
21504,Ikzf1_Plate15,ENSMUSG00000031129,-0.28508052980402504
21510,Ikzf1_Plate15,ENSMUSG00000031216,0.544427560897302
21512,Ikzf1_Plate15,ENSMUSG00000031266,-0.35157882224219206
21513,Ikzf1_Plate15,ENSMUSG00000031273,0.334989804756081
21514,Ikzf1_Plate15,ENSMUSG00000031274,0.39434195897242097
21515,Ikzf1_Plate15,ENSMUSG00000031309,1.36785941795226
21519,Ikzf1_Plate15,ENSMUSG00000031360,-0.296681763496656
21520,Ikzf1_Plate15,ENSMUSG00000031367,-0.49810484264440097
21521,Ikzf1_Plate15,ENSMUSG00000031377,-0.46344049725509495
21524,Ikzf1_Plate15,ENSMUSG00000031387,0.264202339308166
21527,Ikzf1_Plate15,ENSMUSG00000031451,1.5965764483370302
21530,Ikzf1_Plate15,ENSMUSG00000031480,0.45141923324871996
21531,Ikzf1_Plate15,ENSMUSG00000031482,-0.35466594546545
21533,Ikzf1_Plate15,ENSMUSG00000031486,0.20680276862096802
21535,Ikzf1_Plate15,ENSMUSG00000031493,2.08402457252291
21540,Ikzf1_Plate15,ENSMUSG00000031533,-0.301839935597773
21543,Ikzf1_Plate15,ENSMUSG00000031563,0.37175245077206
21545,Ikzf1_Plate15,ENSMUSG00000031586,0.490963980855823
21547,Ikzf1_Plate15,ENSMUSG00000031613,0.7944289003223921
21548,Ikzf1_Plate15,ENSMUSG00000031637,0.9201870477961009
21549,Ikzf1_Plate15,ENSMUSG00000031652,0.32718800295845196
21550,Ikzf1_Plate15,ENSMUSG00000031659,0.411837260723731
21551,Ikzf1_Plate15,ENSMUSG00000031660,-0.324317906246919
21553,Ikzf1_Plate15,ENSMUSG00000031691,0.254311198966854
21555,Ikzf1_Plate15,ENSMUSG00000031703,-0.206378600293045
21557,Ikzf1_Plate15,ENSMUSG00000031728,-0.47820640875030396
21559,Ikzf1_Plate15,ENSMUSG00000031740,2.11524690529775
21560,Ikzf1_Plate15,ENSMUSG00000031762,0.27665483700875
21563,Ikzf1_Plate15,ENSMUSG00000031778,1.6332220895288203
21566,Ikzf1_Plate15,ENSMUSG00000031786,-1.08512361064355
21567,Ikzf1_Plate15,ENSMUSG00000031789,0.40360568656341606
21568,Ikzf1_Plate15,ENSMUSG00000031799,0.290937837838109
21569,Ikzf1_Plate15,ENSMUSG00000031803,2.68955157137546
21572,Ikzf1_Plate15,ENSMUSG00000031834,-0.22697902108744603
21574,Ikzf1_Plate15,ENSMUSG00000031838,0.388828548213041
21575,Ikzf1_Plate15,ENSMUSG00000031875,0.5689162318135239
21576,Ikzf1_Plate15,ENSMUSG00000031879,0.218241219436767
21577,Ikzf1_Plate15,ENSMUSG00000031927,-0.976074878782722
21581,Ikzf1_Plate15,ENSMUSG00000031988,-0.200455072833801
21583,Ikzf1_Plate15,ENSMUSG00000032009,-0.690429600106781
21584,Ikzf1_Plate15,ENSMUSG00000032011,1.33198812535038
21587,Ikzf1_Plate15,ENSMUSG00000032086,-0.23856164777477998
21589,Ikzf1_Plate15,ENSMUSG00000032194,0.796565779664078
21595,Ikzf1_Plate15,ENSMUSG00000032235,-0.269100041314213
21596,Ikzf1_Plate15,ENSMUSG00000032245,0.258610800443779
21598,Ikzf1_Plate15,ENSMUSG00000032281,-1.2021052736203999
21601,Ikzf1_Plate15,ENSMUSG00000032320,-0.256734232179777
21603,Ikzf1_Plate15,ENSMUSG00000032370,-0.319303934911773
21605,Ikzf1_Plate15,ENSMUSG00000032377,-0.446128151520356
21607,Ikzf1_Plate15,ENSMUSG00000032392,0.34956870861799605
21609,Ikzf1_Plate15,ENSMUSG00000032396,-0.35060275659802503
21613,Ikzf1_Plate15,ENSMUSG00000032434,-0.288797242095961
21614,Ikzf1_Plate15,ENSMUSG00000032440,0.29665803492716303
21617,Ikzf1_Plate15,ENSMUSG00000032479,-0.245338424266627
21618,Ikzf1_Plate15,ENSMUSG00000032497,0.7395914104603539
21620,Ikzf1_Plate15,ENSMUSG00000032508,0.289663550286489
21623,Ikzf1_Plate15,ENSMUSG00000032549,0.933254934674988
21626,Ikzf1_Plate15,ENSMUSG00000032601,-0.33686284231456703
21629,Ikzf1_Plate15,ENSMUSG00000032643,0.418142558609034
21630,Ikzf1_Plate15,ENSMUSG00000032717,1.53537288153121
21633,Ikzf1_Plate15,ENSMUSG00000032754,-0.495918972668606
21634,Ikzf1_Plate15,ENSMUSG00000032802,-0.529298967702397
21635,Ikzf1_Plate15,ENSMUSG00000032812,0.324900645023315
21636,Ikzf1_Plate15,ENSMUSG00000032849,0.332220343611242
21637,Ikzf1_Plate15,ENSMUSG00000032855,0.371937952425542
21638,Ikzf1_Plate15,ENSMUSG00000032864,-0.25556636140719396
21639,Ikzf1_Plate15,ENSMUSG00000032870,0.38424869629881797
21641,Ikzf1_Plate15,ENSMUSG00000032959,-0.240145434475289
21642,Ikzf1_Plate15,ENSMUSG00000032965,0.21196483550641299
21646,Ikzf1_Plate15,ENSMUSG00000033083,0.44974224926665796
21649,Ikzf1_Plate15,ENSMUSG00000033170,5.13024769447451
21654,Ikzf1_Plate15,ENSMUSG00000033257,0.20172987867115502
21656,Ikzf1_Plate15,ENSMUSG00000033306,0.445212450599565
21657,Ikzf1_Plate15,ENSMUSG00000033307,0.20597606709240002
21658,Ikzf1_Plate15,ENSMUSG00000033355,-0.4802856193887371
21659,Ikzf1_Plate15,ENSMUSG00000033356,-0.39078918136547797
21661,Ikzf1_Plate15,ENSMUSG00000033386,0.204776660206809
21663,Ikzf1_Plate15,ENSMUSG00000033400,0.696820958707164
21664,Ikzf1_Plate15,ENSMUSG00000033417,0.22243924935233203
21666,Ikzf1_Plate15,ENSMUSG00000033460,0.56550489253987
21667,Ikzf1_Plate15,ENSMUSG00000033538,0.8061376956524009
21671,Ikzf1_Plate15,ENSMUSG00000033705,0.7803071466531071
21673,Ikzf1_Plate15,ENSMUSG00000033735,0.771641449655723
21675,Ikzf1_Plate15,ENSMUSG00000033880,0.21314229039808102
21678,Ikzf1_Plate15,ENSMUSG00000033955,0.795693745622659
21680,Ikzf1_Plate15,ENSMUSG00000034101,0.645278323594808
21683,Ikzf1_Plate15,ENSMUSG00000034192,-0.268248489655323
21684,Ikzf1_Plate15,ENSMUSG00000034201,1.6999429711438
21685,Ikzf1_Plate15,ENSMUSG00000034210,0.247576302005112
21686,Ikzf1_Plate15,ENSMUSG00000034235,0.446949436570501
21689,Ikzf1_Plate15,ENSMUSG00000034310,-0.30178273203726097
21695,Ikzf1_Plate15,ENSMUSG00000034371,-0.323922008924942
21696,Ikzf1_Plate15,ENSMUSG00000034471,1.65719458535898
21700,Ikzf1_Plate15,ENSMUSG00000034586,2.1951013401042
21702,Ikzf1_Plate15,ENSMUSG00000034641,-0.771838455332868
21703,Ikzf1_Plate15,ENSMUSG00000034652,0.5093939912637949
21704,Ikzf1_Plate15,ENSMUSG00000034659,0.33594375999571396
21706,Ikzf1_Plate15,ENSMUSG00000034675,-0.507722269152702
21707,Ikzf1_Plate15,ENSMUSG00000034708,0.5769400241981619
21709,Ikzf1_Plate15,ENSMUSG00000034731,0.5052070720334371
21710,Ikzf1_Plate15,ENSMUSG00000034738,1.5947477115198898
21711,Ikzf1_Plate15,ENSMUSG00000034751,0.584551856906845
21712,Ikzf1_Plate15,ENSMUSG00000034792,0.269800762997825
21713,Ikzf1_Plate15,ENSMUSG00000034800,-0.7814984027785871
21715,Ikzf1_Plate15,ENSMUSG00000034833,-0.274198234879432
21717,Ikzf1_Plate15,ENSMUSG00000034854,0.288429850699617
21719,Ikzf1_Plate15,ENSMUSG00000034902,0.413855233738201
21720,Ikzf1_Plate15,ENSMUSG00000034926,0.45068927896353106
21721,Ikzf1_Plate15,ENSMUSG00000034931,-0.242411335779784
21722,Ikzf1_Plate15,ENSMUSG00000034947,0.5810594530798321
21723,Ikzf1_Plate15,ENSMUSG00000034993,0.353096231532961
21727,Ikzf1_Plate15,ENSMUSG00000035078,-0.21254866594000302
21729,Ikzf1_Plate15,ENSMUSG00000035133,0.729894275124626
21730,Ikzf1_Plate15,ENSMUSG00000035158,0.838622497998198
21731,Ikzf1_Plate15,ENSMUSG00000035164,0.7696235641554939
21740,Ikzf1_Plate15,ENSMUSG00000035284,0.5192589400098211
21742,Ikzf1_Plate15,ENSMUSG00000035354,0.261608524264423
21743,Ikzf1_Plate15,ENSMUSG00000035372,0.8112831976874519
21745,Ikzf1_Plate15,ENSMUSG00000035493,0.5230471750667129
21746,Ikzf1_Plate15,ENSMUSG00000035517,0.453315234453221
21747,Ikzf1_Plate15,ENSMUSG00000035620,0.28403724336876196
21751,Ikzf1_Plate15,ENSMUSG00000035711,-0.2013784357962
21752,Ikzf1_Plate15,ENSMUSG00000035757,-0.378151585601812
21753,Ikzf1_Plate15,ENSMUSG00000035765,0.20273751185143601
21754,Ikzf1_Plate15,ENSMUSG00000035829,0.7993074581046429
21755,Ikzf1_Plate15,ENSMUSG00000035835,0.221268660642981
21762,Ikzf1_Plate15,ENSMUSG00000036046,0.46448763523191494
21764,Ikzf1_Plate15,ENSMUSG00000036087,-0.23436417862358802
21765,Ikzf1_Plate15,ENSMUSG00000036099,0.38894486817675206
21767,Ikzf1_Plate15,ENSMUSG00000036111,0.518008282557594
21772,Ikzf1_Plate15,ENSMUSG00000036256,1.03913225107467
21774,Ikzf1_Plate15,ENSMUSG00000036330,-0.273298097669758
21778,Ikzf1_Plate15,ENSMUSG00000036381,0.466222879851907
21785,Ikzf1_Plate15,ENSMUSG00000036606,0.38704951782680197
21786,Ikzf1_Plate15,ENSMUSG00000036634,-0.526321895039065
21787,Ikzf1_Plate15,ENSMUSG00000036676,0.460894411630188
21789,Ikzf1_Plate15,ENSMUSG00000036718,0.8614342730183491
21791,Ikzf1_Plate15,ENSMUSG00000036810,-0.39785555154332
21792,Ikzf1_Plate15,ENSMUSG00000036817,-0.463873213932935
21793,Ikzf1_Plate15,ENSMUSG00000036916,-0.23768812515288
21794,Ikzf1_Plate15,ENSMUSG00000036959,0.642318367096828
21795,Ikzf1_Plate15,ENSMUSG00000036986,0.32242750891134997
21796,Ikzf1_Plate15,ENSMUSG00000036989,0.482945525377
21797,Ikzf1_Plate15,ENSMUSG00000037003,2.9259552025878706
21799,Ikzf1_Plate15,ENSMUSG00000037071,0.7567294007646049
21800,Ikzf1_Plate15,ENSMUSG00000037095,4.656703233270241
21801,Ikzf1_Plate15,ENSMUSG00000037108,-0.593763676116099
21803,Ikzf1_Plate15,ENSMUSG00000037112,0.520102695587659
21807,Ikzf1_Plate15,ENSMUSG00000037239,0.5482110528362921
21808,Ikzf1_Plate15,ENSMUSG00000037243,0.309230983853221
21809,Ikzf1_Plate15,ENSMUSG00000037266,-0.25325139724151396
21813,Ikzf1_Plate15,ENSMUSG00000037318,-0.22518581258338102
21814,Ikzf1_Plate15,ENSMUSG00000037321,-0.200038048836587
21815,Ikzf1_Plate15,ENSMUSG00000037337,-0.255843830335235
21816,Ikzf1_Plate15,ENSMUSG00000037366,0.343029145195077
21818,Ikzf1_Plate15,ENSMUSG00000037415,0.23836793196291503
21822,Ikzf1_Plate15,ENSMUSG00000037458,-0.26327556769981103
21823,Ikzf1_Plate15,ENSMUSG00000037466,-0.570729979250361
21825,Ikzf1_Plate15,ENSMUSG00000037486,0.279362525301058
21826,Ikzf1_Plate15,ENSMUSG00000037523,-0.30811168671255895
21828,Ikzf1_Plate15,ENSMUSG00000037640,-0.498127908907483
21831,Ikzf1_Plate15,ENSMUSG00000037679,0.495695413555955
21832,Ikzf1_Plate15,ENSMUSG00000037692,0.428324817947865
21836,Ikzf1_Plate15,ENSMUSG00000037795,0.399066886082087
21837,Ikzf1_Plate15,ENSMUSG00000037815,0.26746607488902396
21838,Ikzf1_Plate15,ENSMUSG00000037824,0.321343289827666
21841,Ikzf1_Plate15,ENSMUSG00000037868,0.5846942040100639
21842,Ikzf1_Plate15,ENSMUSG00000037890,0.49758309410965296
21843,Ikzf1_Plate15,ENSMUSG00000037913,-0.259880213537767
21845,Ikzf1_Plate15,ENSMUSG00000037966,-0.339914928585357
21846,Ikzf1_Plate15,ENSMUSG00000037972,0.676484369704735
21847,Ikzf1_Plate15,ENSMUSG00000037992,0.575520123761496
21851,Ikzf1_Plate15,ENSMUSG00000038058,1.0312842347416
21852,Ikzf1_Plate15,ENSMUSG00000038069,-0.47058233167114705
21853,Ikzf1_Plate15,ENSMUSG00000038122,0.5263419829960879
21854,Ikzf1_Plate15,ENSMUSG00000038147,-0.278552580060271
21857,Ikzf1_Plate15,ENSMUSG00000038174,0.290100272306483
21859,Ikzf1_Plate15,ENSMUSG00000038188,4.03122424693122
21860,Ikzf1_Plate15,ENSMUSG00000038213,0.41539903384733795
21862,Ikzf1_Plate15,ENSMUSG00000038235,1.87923092941293
21863,Ikzf1_Plate15,ENSMUSG00000038241,0.254164099530584
21865,Ikzf1_Plate15,ENSMUSG00000038291,0.515643029375187
21867,Ikzf1_Plate15,ENSMUSG00000038369,0.4133499452956729
21869,Ikzf1_Plate15,ENSMUSG00000038387,1.06252410603393
21873,Ikzf1_Plate15,ENSMUSG00000038425,-0.369936052285063
21874,Ikzf1_Plate15,ENSMUSG00000038482,-0.23316931019473103
21875,Ikzf1_Plate15,ENSMUSG00000038507,0.4157479589539821
21876,Ikzf1_Plate15,ENSMUSG00000038517,0.9006568790034258
21880,Ikzf1_Plate15,ENSMUSG00000038576,2.3759447881519
21885,Ikzf1_Plate15,ENSMUSG00000038642,-0.339874031150933
21896,Ikzf1_Plate15,ENSMUSG00000038763,1.6508014867142702
21898,Ikzf1_Plate15,ENSMUSG00000038776,2.1621221809317
21899,Ikzf1_Plate15,ENSMUSG00000038811,0.35420352149393497
21901,Ikzf1_Plate15,ENSMUSG00000038855,0.31910076795397496
21902,Ikzf1_Plate15,ENSMUSG00000038894,1.13692548937394
21905,Ikzf1_Plate15,ENSMUSG00000038976,0.281392827663649
21906,Ikzf1_Plate15,ENSMUSG00000039001,0.24207031177375302
21907,Ikzf1_Plate15,ENSMUSG00000039005,1.41080209321049
21908,Ikzf1_Plate15,ENSMUSG00000039007,0.520152115788573
21909,Ikzf1_Plate15,ENSMUSG00000039057,0.741510167265923
21913,Ikzf1_Plate15,ENSMUSG00000039109,0.805008212488759
21915,Ikzf1_Plate15,ENSMUSG00000039117,0.280591553111754
21916,Ikzf1_Plate15,ENSMUSG00000039145,-0.868873373391604
21917,Ikzf1_Plate15,ENSMUSG00000039156,0.451118046567313
21918,Ikzf1_Plate15,ENSMUSG00000039164,0.340647972656665
21924,Ikzf1_Plate15,ENSMUSG00000039316,-0.308251562677176
21928,Ikzf1_Plate15,ENSMUSG00000039377,0.608695052522273
21931,Ikzf1_Plate15,ENSMUSG00000039480,-0.350831662052129
21936,Ikzf1_Plate15,ENSMUSG00000039704,0.355633216939145
21937,Ikzf1_Plate15,ENSMUSG00000039713,0.7197077555748891
21938,Ikzf1_Plate15,ENSMUSG00000039741,0.23885331893172196
21939,Ikzf1_Plate15,ENSMUSG00000039745,-0.337054474940703
21940,Ikzf1_Plate15,ENSMUSG00000039782,0.38695729046421995
21941,Ikzf1_Plate15,ENSMUSG00000039835,1.20424696438347
21943,Ikzf1_Plate15,ENSMUSG00000039886,0.281708173965015
21945,Ikzf1_Plate15,ENSMUSG00000039959,0.552389118151086
21946,Ikzf1_Plate15,ENSMUSG00000039963,-0.36516010348896993
21948,Ikzf1_Plate15,ENSMUSG00000039981,1.9737238857590902
21951,Ikzf1_Plate15,ENSMUSG00000040061,0.45373692048269704
21954,Ikzf1_Plate15,ENSMUSG00000040158,0.964687030599489
21955,Ikzf1_Plate15,ENSMUSG00000040204,-0.2911420721481
21957,Ikzf1_Plate15,ENSMUSG00000040213,-0.519797791259864
21961,Ikzf1_Plate15,ENSMUSG00000040272,0.365827298481349
21963,Ikzf1_Plate15,ENSMUSG00000040322,-0.270015718523353
21966,Ikzf1_Plate15,ENSMUSG00000040339,-0.23252567696039603
21970,Ikzf1_Plate15,ENSMUSG00000040466,0.5254496454248939
21973,Ikzf1_Plate15,ENSMUSG00000040511,-0.23242216785024802
21976,Ikzf1_Plate15,ENSMUSG00000040528,-0.21194142888772197
21978,Ikzf1_Plate15,ENSMUSG00000040557,0.375174924854336
21981,Ikzf1_Plate15,ENSMUSG00000040663,0.557663952191992
21983,Ikzf1_Plate15,ENSMUSG00000040681,-0.42326214883673796
21984,Ikzf1_Plate15,ENSMUSG00000040699,-0.32312039279505
21985,Ikzf1_Plate15,ENSMUSG00000040701,-0.205543255257595
21988,Ikzf1_Plate15,ENSMUSG00000040722,3.5465528661002703
21990,Ikzf1_Plate15,ENSMUSG00000040738,-0.253283678099618
21992,Ikzf1_Plate15,ENSMUSG00000040751,-0.27924870197445
21994,Ikzf1_Plate15,ENSMUSG00000040848,0.449691698400089
21995,Ikzf1_Plate15,ENSMUSG00000040856,0.683822474493265
21996,Ikzf1_Plate15,ENSMUSG00000040857,0.5737524685537789
21999,Ikzf1_Plate15,ENSMUSG00000041012,1.05777431574771
22001,Ikzf1_Plate15,ENSMUSG00000041057,-0.207143041921882
22002,Ikzf1_Plate15,ENSMUSG00000041079,-0.380235013805157
22006,Ikzf1_Plate15,ENSMUSG00000041229,0.45055770308124105
22007,Ikzf1_Plate15,ENSMUSG00000041258,0.30000266667458503
22013,Ikzf1_Plate15,ENSMUSG00000041396,0.6491246612747529
22018,Ikzf1_Plate15,ENSMUSG00000041491,-0.43338595113321104
22020,Ikzf1_Plate15,ENSMUSG00000041528,-0.306150696094484
22021,Ikzf1_Plate15,ENSMUSG00000041538,-0.54042730796512
22022,Ikzf1_Plate15,ENSMUSG00000041540,-2.01040093678797
22024,Ikzf1_Plate15,ENSMUSG00000041571,-0.528139009030018
22026,Ikzf1_Plate15,ENSMUSG00000041650,-0.211899045699365
22027,Ikzf1_Plate15,ENSMUSG00000041702,0.252136487673256
22029,Ikzf1_Plate15,ENSMUSG00000041779,0.561557710260502
22030,Ikzf1_Plate15,ENSMUSG00000041852,0.278180941276956
22032,Ikzf1_Plate15,ENSMUSG00000041870,-0.24690611201215196
22033,Ikzf1_Plate15,ENSMUSG00000041912,-0.29733636007502
22037,Ikzf1_Plate15,ENSMUSG00000041959,0.6304995808063051
22038,Ikzf1_Plate15,ENSMUSG00000041975,0.340765243010858
22039,Ikzf1_Plate15,ENSMUSG00000042015,-0.309297140663839
22042,Ikzf1_Plate15,ENSMUSG00000042129,1.06303996621851
22043,Ikzf1_Plate15,ENSMUSG00000042167,-0.207752504979093
22045,Ikzf1_Plate15,ENSMUSG00000042208,-0.24223048404103498
22046,Ikzf1_Plate15,ENSMUSG00000042213,-0.295671236643115
22047,Ikzf1_Plate15,ENSMUSG00000042228,0.28618498102970197
22049,Ikzf1_Plate15,ENSMUSG00000042348,0.41683414254670204
22052,Ikzf1_Plate15,ENSMUSG00000042396,-0.263679764129616
22053,Ikzf1_Plate15,ENSMUSG00000042426,-0.37124881023440204
22056,Ikzf1_Plate15,ENSMUSG00000042472,0.30248325156402195
22058,Ikzf1_Plate15,ENSMUSG00000042508,-0.26468127364231603
22061,Ikzf1_Plate15,ENSMUSG00000042590,-0.21063036732142396
22064,Ikzf1_Plate15,ENSMUSG00000042699,0.25672874445368
22067,Ikzf1_Plate15,ENSMUSG00000042757,-0.4933170474657871
22068,Ikzf1_Plate15,ENSMUSG00000042759,0.511035396991356
22070,Ikzf1_Plate15,ENSMUSG00000042842,1.60381487766451
22071,Ikzf1_Plate15,ENSMUSG00000042903,0.5662991612313709
22074,Ikzf1_Plate15,ENSMUSG00000043154,0.459398697745147
22075,Ikzf1_Plate15,ENSMUSG00000043157,0.238345570350543
22076,Ikzf1_Plate15,ENSMUSG00000043241,0.286760866004932
22077,Ikzf1_Plate15,ENSMUSG00000043251,1.45139447092303
22078,Ikzf1_Plate15,ENSMUSG00000043263,0.514091974897927
22079,Ikzf1_Plate15,ENSMUSG00000043311,0.945182781468758
22082,Ikzf1_Plate15,ENSMUSG00000043501,1.164195000864
22083,Ikzf1_Plate15,ENSMUSG00000043505,1.64201202147336
22085,Ikzf1_Plate15,ENSMUSG00000043811,0.564633426870199
22086,Ikzf1_Plate15,ENSMUSG00000043822,1.3350719844116998
22087,Ikzf1_Plate15,ENSMUSG00000043895,0.8439621615857571
22089,Ikzf1_Plate15,ENSMUSG00000043940,0.360091435220901
22090,Ikzf1_Plate15,ENSMUSG00000043953,0.8961027041360999
22091,Ikzf1_Plate15,ENSMUSG00000044080,0.620430417589138
22093,Ikzf1_Plate15,ENSMUSG00000044167,0.6916530341512591
22095,Ikzf1_Plate15,ENSMUSG00000044340,0.586483696978261
22097,Ikzf1_Plate15,ENSMUSG00000044447,0.331534657438033
22098,Ikzf1_Plate15,ENSMUSG00000044465,0.337826044567586
22099,Ikzf1_Plate15,ENSMUSG00000044469,1.2682671262490601
22100,Ikzf1_Plate15,ENSMUSG00000044551,0.834335210559289
22101,Ikzf1_Plate15,ENSMUSG00000044629,-0.517194615407859
22102,Ikzf1_Plate15,ENSMUSG00000044716,1.29376112120546
22103,Ikzf1_Plate15,ENSMUSG00000044734,-0.288450794205502
22106,Ikzf1_Plate15,ENSMUSG00000044986,0.7016118486964251
22107,Ikzf1_Plate15,ENSMUSG00000045038,1.0743373137225
22108,Ikzf1_Plate15,ENSMUSG00000045039,0.566491176591933
22109,Ikzf1_Plate15,ENSMUSG00000045216,-0.496414573024369
22110,Ikzf1_Plate15,ENSMUSG00000045273,-0.21444432487009102
22111,Ikzf1_Plate15,ENSMUSG00000045294,-0.272110160458154
22113,Ikzf1_Plate15,ENSMUSG00000045404,1.6190984469218301
22118,Ikzf1_Plate15,ENSMUSG00000045730,-0.385647482616654
22119,Ikzf1_Plate15,ENSMUSG00000045826,-0.35692412063641293
22121,Ikzf1_Plate15,ENSMUSG00000045975,0.508765719758594
22122,Ikzf1_Plate15,ENSMUSG00000046006,-0.42476832139001003
22123,Ikzf1_Plate15,ENSMUSG00000046027,0.47445099479739794
22126,Ikzf1_Plate15,ENSMUSG00000046456,1.03147709352987
22128,Ikzf1_Plate15,ENSMUSG00000046598,0.553618758710694
22129,Ikzf1_Plate15,ENSMUSG00000046675,-0.275988163728247
22132,Ikzf1_Plate15,ENSMUSG00000046768,2.48532274681602
22133,Ikzf1_Plate15,ENSMUSG00000046798,1.2878875700160302
22134,Ikzf1_Plate15,ENSMUSG00000046805,0.46603760149256296
22135,Ikzf1_Plate15,ENSMUSG00000046814,1.7381861815638
22136,Ikzf1_Plate15,ENSMUSG00000046908,-1.10259547433461
22137,Ikzf1_Plate15,ENSMUSG00000046949,0.379760037185972
22138,Ikzf1_Plate15,ENSMUSG00000046997,0.7330283479266609
22141,Ikzf1_Plate15,ENSMUSG00000047146,0.9219626531112209
22142,Ikzf1_Plate15,ENSMUSG00000047180,-0.64878303374704
22143,Ikzf1_Plate15,ENSMUSG00000047250,0.510995708246715
22144,Ikzf1_Plate15,ENSMUSG00000047368,-0.288601932027167
22145,Ikzf1_Plate15,ENSMUSG00000047446,-0.49697573649899796
22146,Ikzf1_Plate15,ENSMUSG00000047766,0.885382464937973
22147,Ikzf1_Plate15,ENSMUSG00000047867,0.862837705863529
22151,Ikzf1_Plate15,ENSMUSG00000048120,0.614514206006002
22152,Ikzf1_Plate15,ENSMUSG00000048148,0.9841266053172141
22155,Ikzf1_Plate15,ENSMUSG00000048200,1.0482209661315
22156,Ikzf1_Plate15,ENSMUSG00000048279,0.312724213072041
22160,Ikzf1_Plate15,ENSMUSG00000048458,-1.3286424802166599
22161,Ikzf1_Plate15,ENSMUSG00000048489,0.5298708469660921
22163,Ikzf1_Plate15,ENSMUSG00000048621,-1.51213351142045
22164,Ikzf1_Plate15,ENSMUSG00000048756,0.28399203576907395
22165,Ikzf1_Plate15,ENSMUSG00000048772,1.9078800634408
22166,Ikzf1_Plate15,ENSMUSG00000048878,0.4087563071355929
22168,Ikzf1_Plate15,ENSMUSG00000049036,-2.0000910468015
22169,Ikzf1_Plate15,ENSMUSG00000049047,-0.6342346398456961
22174,Ikzf1_Plate15,ENSMUSG00000049422,0.317040515232582
22176,Ikzf1_Plate15,ENSMUSG00000049511,1.16015765184221
22178,Ikzf1_Plate15,ENSMUSG00000049686,0.27350992183410605
22179,Ikzf1_Plate15,ENSMUSG00000049723,-0.7584794247835691
22180,Ikzf1_Plate15,ENSMUSG00000049807,0.436891585655924
22185,Ikzf1_Plate15,ENSMUSG00000050075,-0.756726234403245
22187,Ikzf1_Plate15,ENSMUSG00000050147,1.07729694935138
22189,Ikzf1_Plate15,ENSMUSG00000050272,2.82369670249419
22191,Ikzf1_Plate15,ENSMUSG00000050379,-0.22159720202405103
22192,Ikzf1_Plate15,ENSMUSG00000050390,0.435115441221669
22196,Ikzf1_Plate15,ENSMUSG00000050896,3.63064474040744
22197,Ikzf1_Plate15,ENSMUSG00000050910,2.09966770996853
22199,Ikzf1_Plate15,ENSMUSG00000050914,1.34834355648027
22200,Ikzf1_Plate15,ENSMUSG00000050957,1.6962614663450801
22201,Ikzf1_Plate15,ENSMUSG00000050966,-0.8609093165710601
22202,Ikzf1_Plate15,ENSMUSG00000051124,0.952401594328717
22203,Ikzf1_Plate15,ENSMUSG00000051159,0.517797967157288
22205,Ikzf1_Plate15,ENSMUSG00000051319,0.48282023934866
22207,Ikzf1_Plate15,ENSMUSG00000051439,1.37328338937222
22208,Ikzf1_Plate15,ENSMUSG00000051495,0.697448432938476
22212,Ikzf1_Plate15,ENSMUSG00000051853,0.291461005731462
22214,Ikzf1_Plate15,ENSMUSG00000052085,0.25293923110184197
22215,Ikzf1_Plate15,ENSMUSG00000052151,0.267359503894381
22216,Ikzf1_Plate15,ENSMUSG00000052298,-0.28177827267311795
22217,Ikzf1_Plate15,ENSMUSG00000052310,0.773405041557557
22221,Ikzf1_Plate15,ENSMUSG00000052539,0.508698439913817
22222,Ikzf1_Plate15,ENSMUSG00000052572,-0.302546552205026
22224,Ikzf1_Plate15,ENSMUSG00000052609,0.34550103411239197
22225,Ikzf1_Plate15,ENSMUSG00000052632,0.429469382739601
22228,Ikzf1_Plate15,ENSMUSG00000052760,-0.30005396085456604
22229,Ikzf1_Plate15,ENSMUSG00000052776,1.9901040265784198
22232,Ikzf1_Plate15,ENSMUSG00000053063,-0.33411331609757
22234,Ikzf1_Plate15,ENSMUSG00000053477,0.23982189004829602
22235,Ikzf1_Plate15,ENSMUSG00000053617,1.28545030177814
22239,Ikzf1_Plate15,ENSMUSG00000053819,0.277916523665337
22243,Ikzf1_Plate15,ENSMUSG00000054404,1.5039697735223
22245,Ikzf1_Plate15,ENSMUSG00000054434,1.07233657455486
22246,Ikzf1_Plate15,ENSMUSG00000054435,1.04586677236567
22249,Ikzf1_Plate15,ENSMUSG00000054675,0.854143507882866
22251,Ikzf1_Plate15,ENSMUSG00000054733,-0.258881258033395
22252,Ikzf1_Plate15,ENSMUSG00000054814,0.246392544542083
22253,Ikzf1_Plate15,ENSMUSG00000054843,0.46303020624318897
22255,Ikzf1_Plate15,ENSMUSG00000054920,-0.22731862817237697
22259,Ikzf1_Plate15,ENSMUSG00000055485,0.5855161979401329
22262,Ikzf1_Plate15,ENSMUSG00000055652,-0.31668243274463004
22263,Ikzf1_Plate15,ENSMUSG00000055653,-0.582376058682235
22265,Ikzf1_Plate15,ENSMUSG00000055675,1.43278720273192
22266,Ikzf1_Plate15,ENSMUSG00000056116,-0.293647135741163
22267,Ikzf1_Plate15,ENSMUSG00000056130,-0.40634892592050703
22268,Ikzf1_Plate15,ENSMUSG00000056204,0.382059940032524
22269,Ikzf1_Plate15,ENSMUSG00000056220,0.24510175306939103
22272,Ikzf1_Plate15,ENSMUSG00000056476,0.35146454402659
22274,Ikzf1_Plate15,ENSMUSG00000056515,0.28859341345733197
22276,Ikzf1_Plate15,ENSMUSG00000056536,0.280906722220443
22279,Ikzf1_Plate15,ENSMUSG00000056648,0.290621308042783
22280,Ikzf1_Plate15,ENSMUSG00000056758,0.241044420940573
22281,Ikzf1_Plate15,ENSMUSG00000056770,-0.21588162715644396
22283,Ikzf1_Plate15,ENSMUSG00000057137,0.9632012248488859
22284,Ikzf1_Plate15,ENSMUSG00000057191,-0.270942837603305
22290,Ikzf1_Plate15,ENSMUSG00000057506,-0.316936180533112
22292,Ikzf1_Plate15,ENSMUSG00000057530,0.372675015451374
22293,Ikzf1_Plate15,ENSMUSG00000057531,-0.22293807141624897
22296,Ikzf1_Plate15,ENSMUSG00000057729,0.46671304813470504
22297,Ikzf1_Plate15,ENSMUSG00000057738,0.207453688808855
22298,Ikzf1_Plate15,ENSMUSG00000057897,-0.9553358586748549
22299,Ikzf1_Plate15,ENSMUSG00000057914,0.9422925862694971
22301,Ikzf1_Plate15,ENSMUSG00000058099,0.21622114422664496
22304,Ikzf1_Plate15,ENSMUSG00000058355,-0.266157895358559
22307,Ikzf1_Plate15,ENSMUSG00000058587,-0.224825872428113
22308,Ikzf1_Plate15,ENSMUSG00000058624,1.1753030899158001
22311,Ikzf1_Plate15,ENSMUSG00000058761,0.415024723360614
22312,Ikzf1_Plate15,ENSMUSG00000058793,0.249746456510807
22315,Ikzf1_Plate15,ENSMUSG00000059325,-0.95537011144513
22317,Ikzf1_Plate15,ENSMUSG00000059498,-0.39963628522846706
22318,Ikzf1_Plate15,ENSMUSG00000059791,-0.29527983382410494
22319,Ikzf1_Plate15,ENSMUSG00000059852,-0.535194965660891
22322,Ikzf1_Plate15,ENSMUSG00000059956,1.5962605960314
22326,Ikzf1_Plate15,ENSMUSG00000060131,-0.255147383182537
22328,Ikzf1_Plate15,ENSMUSG00000060206,0.5990468470228779
22329,Ikzf1_Plate15,ENSMUSG00000060260,0.36555971735001797
22331,Ikzf1_Plate15,ENSMUSG00000060470,-0.22227896818140802
22333,Ikzf1_Plate15,ENSMUSG00000060568,-0.9012949440881708
22334,Ikzf1_Plate15,ENSMUSG00000060572,1.29095640606188
22336,Ikzf1_Plate15,ENSMUSG00000060594,0.320774042379217
22338,Ikzf1_Plate15,ENSMUSG00000060733,0.348229089775391
22344,Ikzf1_Plate15,ENSMUSG00000061086,-0.6176570289711539
22345,Ikzf1_Plate15,ENSMUSG00000061143,0.36444892876403207
22349,Ikzf1_Plate15,ENSMUSG00000061411,0.971820160593685
22350,Ikzf1_Plate15,ENSMUSG00000061436,0.35343320113553395
22352,Ikzf1_Plate15,ENSMUSG00000061544,1.43086376215314
22354,Ikzf1_Plate15,ENSMUSG00000061589,0.218932346080952
22355,Ikzf1_Plate15,ENSMUSG00000061615,0.298081776733162
22356,Ikzf1_Plate15,ENSMUSG00000061731,0.5023297424477311
22357,Ikzf1_Plate15,ENSMUSG00000061751,1.06392654881255
22358,Ikzf1_Plate15,ENSMUSG00000061859,-1.54298904958741
22360,Ikzf1_Plate15,ENSMUSG00000062014,-0.216137005357382
22364,Ikzf1_Plate15,ENSMUSG00000062127,3.75845862877991
22365,Ikzf1_Plate15,ENSMUSG00000062234,0.237601417520219
22366,Ikzf1_Plate15,ENSMUSG00000062300,1.3109490691411299
22369,Ikzf1_Plate15,ENSMUSG00000062526,-0.321366365253117
22370,Ikzf1_Plate15,ENSMUSG00000062995,0.8916333967187141
22371,Ikzf1_Plate15,ENSMUSG00000063065,0.21040914679154502
22375,Ikzf1_Plate15,ENSMUSG00000063275,0.204105074255892
22377,Ikzf1_Plate15,ENSMUSG00000063334,-0.20694001841599
22378,Ikzf1_Plate15,ENSMUSG00000063382,0.6163013598934399
22379,Ikzf1_Plate15,ENSMUSG00000063406,-0.309092154608268
22382,Ikzf1_Plate15,ENSMUSG00000063564,-0.88804211043356
22385,Ikzf1_Plate15,ENSMUSG00000063810,0.261118100799339
22386,Ikzf1_Plate15,ENSMUSG00000063856,-0.26837271663082995
22390,Ikzf1_Plate15,ENSMUSG00000063972,0.7865735844950141
22391,Ikzf1_Plate15,ENSMUSG00000064043,0.276363739790385
22393,Ikzf1_Plate15,ENSMUSG00000064262,1.48166742738966
22399,Ikzf1_Plate15,ENSMUSG00000064373,0.26171437926151603
22403,Ikzf1_Plate15,ENSMUSG00000066800,0.6719124316332281
22406,Ikzf1_Plate15,ENSMUSG00000067336,0.33099698850975
22409,Ikzf1_Plate15,ENSMUSG00000068129,0.33890684146768607
22410,Ikzf1_Plate15,ENSMUSG00000068220,-0.30639046753344396
22411,Ikzf1_Plate15,ENSMUSG00000068264,-0.509273400552543
22413,Ikzf1_Plate15,ENSMUSG00000068335,0.5880590086064821
22415,Ikzf1_Plate15,ENSMUSG00000068551,1.1868287731483502
22416,Ikzf1_Plate15,ENSMUSG00000068566,0.569021065501782
22418,Ikzf1_Plate15,ENSMUSG00000068732,-0.446152048307961
22419,Ikzf1_Plate15,ENSMUSG00000068735,0.568766757262372
22423,Ikzf1_Plate15,ENSMUSG00000068747,0.76571263930807
22427,Ikzf1_Plate15,ENSMUSG00000069516,0.8309764524776361
22428,Ikzf1_Plate15,ENSMUSG00000069633,-0.38644873378157707
22429,Ikzf1_Plate15,ENSMUSG00000069793,0.7752628320153041
22431,Ikzf1_Plate15,ENSMUSG00000070034,-0.43935769764323895
22432,Ikzf1_Plate15,ENSMUSG00000070327,0.3914329304984421
22433,Ikzf1_Plate15,ENSMUSG00000070348,-0.40159289563636796
22437,Ikzf1_Plate15,ENSMUSG00000070871,0.596420701278646
22442,Ikzf1_Plate15,ENSMUSG00000071181,-1.1928083807505099
22444,Ikzf1_Plate15,ENSMUSG00000071253,-0.42196272194446205
22447,Ikzf1_Plate15,ENSMUSG00000071379,0.47239831482382
22448,Ikzf1_Plate15,ENSMUSG00000071537,1.59360544070665
22450,Ikzf1_Plate15,ENSMUSG00000071659,0.279783198169346
22451,Ikzf1_Plate15,ENSMUSG00000071713,0.322085277299614
22452,Ikzf1_Plate15,ENSMUSG00000071714,1.14689683844131
22453,Ikzf1_Plate15,ENSMUSG00000071757,0.33838633304858096
22455,Ikzf1_Plate15,ENSMUSG00000072244,0.7793768933536741
22456,Ikzf1_Plate15,ENSMUSG00000072582,0.22159557458211102
22457,Ikzf1_Plate15,ENSMUSG00000072653,-0.548656626147724
22458,Ikzf1_Plate15,ENSMUSG00000072769,1.10218464755246
22460,Ikzf1_Plate15,ENSMUSG00000072964,-0.263574859154756
22462,Ikzf1_Plate15,ENSMUSG00000073002,0.654161080561467
22463,Ikzf1_Plate15,ENSMUSG00000073145,0.6848814536241441
22464,Ikzf1_Plate15,ENSMUSG00000073405,-1.33863389020353
22465,Ikzf1_Plate15,ENSMUSG00000073409,-0.288520880910303
22468,Ikzf1_Plate15,ENSMUSG00000073489,0.6346537198815
22470,Ikzf1_Plate15,ENSMUSG00000073639,-0.21415724673998002
22471,Ikzf1_Plate15,ENSMUSG00000073684,0.20105439658739102
22472,Ikzf1_Plate15,ENSMUSG00000073889,0.7522883689913722
22475,Ikzf1_Plate15,ENSMUSG00000074238,-0.22557558198702998
22477,Ikzf1_Plate15,ENSMUSG00000074582,0.284281268679273
22478,Ikzf1_Plate15,ENSMUSG00000074604,2.33559630081988
22479,Ikzf1_Plate15,ENSMUSG00000074743,1.10283056357722
22481,Ikzf1_Plate15,ENSMUSG00000074785,0.360229245868348
22482,Ikzf1_Plate15,ENSMUSG00000074802,0.48434684070881895
22484,Ikzf1_Plate15,ENSMUSG00000074909,-0.37737891804607204
22486,Ikzf1_Plate15,ENSMUSG00000074994,0.29235690991132596
22487,Ikzf1_Plate15,ENSMUSG00000075010,-1.0139522542099901
22488,Ikzf1_Plate15,ENSMUSG00000075027,2.16563494436854
22489,Ikzf1_Plate15,ENSMUSG00000075028,0.522182149587343
22492,Ikzf1_Plate15,ENSMUSG00000075269,-0.511439794320148
22493,Ikzf1_Plate15,ENSMUSG00000075370,3.14869549942334
22495,Ikzf1_Plate15,ENSMUSG00000075702,0.46207320499206
22496,Ikzf1_Plate15,ENSMUSG00000076258,0.350171141362473
22497,Ikzf1_Plate15,ENSMUSG00000076437,-0.33077075013191
22498,Ikzf1_Plate15,ENSMUSG00000076441,-0.250211361687043
22499,Ikzf1_Plate15,ENSMUSG00000076533,-0.44545492066923104
22501,Ikzf1_Plate15,ENSMUSG00000078137,0.6734172019404611
22502,Ikzf1_Plate15,ENSMUSG00000078429,0.23663141083076503
22510,Ikzf1_Plate15,ENSMUSG00000079003,0.41659510520152293
22512,Ikzf1_Plate15,ENSMUSG00000079110,-0.535784928150146
22513,Ikzf1_Plate15,ENSMUSG00000079173,1.20699035020846
22516,Ikzf1_Plate15,ENSMUSG00000079293,3.74688348105002
22519,Ikzf1_Plate15,ENSMUSG00000079445,-0.24452578330933303
22520,Ikzf1_Plate15,ENSMUSG00000079451,-0.710719787364731
22523,Ikzf1_Plate15,ENSMUSG00000079562,0.297284407581315
22525,Ikzf1_Plate15,ENSMUSG00000079853,-1.46831815034363
22527,Ikzf1_Plate15,ENSMUSG00000081480,1.4230482189121398
22528,Ikzf1_Plate15,ENSMUSG00000081534,0.343141714826029
22529,Ikzf1_Plate15,ENSMUSG00000084399,1.01673376228933
22530,Ikzf1_Plate15,ENSMUSG00000084756,1.0082185305715898
22531,Ikzf1_Plate15,ENSMUSG00000084821,1.3670487630026698
22534,Ikzf1_Plate15,ENSMUSG00000085227,-0.7677757035262801
22535,Ikzf1_Plate15,ENSMUSG00000085264,2.04445091970352
22536,Ikzf1_Plate15,ENSMUSG00000085531,-0.5256964392692229
22537,Ikzf1_Plate15,ENSMUSG00000085568,1.25830130917196
22540,Ikzf1_Plate15,ENSMUSG00000086876,0.501473386681857
22541,Ikzf1_Plate15,ENSMUSG00000087452,0.8823118462682891
22544,Ikzf1_Plate15,ENSMUSG00000089669,1.54485785883046
22546,Ikzf1_Plate15,ENSMUSG00000089682,0.506564036194984
22547,Ikzf1_Plate15,ENSMUSG00000089809,1.08069500926189
22548,Ikzf1_Plate15,ENSMUSG00000089872,0.7358079005512328
22549,Ikzf1_Plate15,ENSMUSG00000089940,0.40627435612602397
22551,Ikzf1_Plate15,ENSMUSG00000090019,0.9529869118688821
22554,Ikzf1_Plate15,ENSMUSG00000090628,0.507727321145437
22555,Ikzf1_Plate15,ENSMUSG00000090698,2.10427157195775
22556,Ikzf1_Plate15,ENSMUSG00000091575,1.0938112813173
22557,Ikzf1_Plate15,ENSMUSG00000092341,0.446272184399735
22558,Ikzf1_Plate15,ENSMUSG00000092626,0.987638098687619
22560,Ikzf1_Plate15,ENSMUSG00000094075,1.8746776325065202
22561,Ikzf1_Plate15,ENSMUSG00000095115,0.719370700395106
22562,Ikzf1_Plate15,ENSMUSG00000095127,1.9587661058078403
22563,Ikzf1_Plate15,ENSMUSG00000095200,1.1741314175915198
22564,Ikzf1_Plate15,ENSMUSG00000096020,1.99946533278678
22565,Ikzf1_Plate15,ENSMUSG00000096210,0.556358847907682
22566,Ikzf1_Plate15,ENSMUSG00000096452,1.3533364629750901
22568,Ikzf1_Plate15,ENSMUSG00000096916,-0.7403008948958381
22569,Ikzf1_Plate15,ENSMUSG00000096954,0.6133332163808729
22570,Ikzf1_Plate15,ENSMUSG00000096986,-0.471512932005675
22572,Ikzf1_Plate15,ENSMUSG00000097122,0.770336214298213
22573,Ikzf1_Plate15,ENSMUSG00000097145,-0.45526946336210705
22574,Ikzf1_Plate15,ENSMUSG00000097194,-0.525619378592705
22575,Ikzf1_Plate15,ENSMUSG00000097546,0.9525102314785708
22576,Ikzf1_Plate15,ENSMUSG00000097567,0.632742076149698
22577,Ikzf1_Plate15,ENSMUSG00000097820,1.07084654247412
22581,Ikzf1_Plate15,ENSMUSG00000098318,0.26757046412859
22582,Ikzf1_Plate15,ENSMUSG00000098557,0.223826912708233
22585,Ikzf1_Plate15,ENSMUSG00000099517,-0.9391705570601859
22587,Ikzf1_Plate15,ENSMUSG00000101188,-0.811928558377172
22588,Ikzf1_Plate15,ENSMUSG00000101191,1.68226299070303
22589,Ikzf1_Plate15,ENSMUSG00000101778,1.0067395376728299
22591,Ikzf1_Plate15,ENSMUSG00000102277,1.05766820773437
22593,Ikzf1_Plate15,ENSMUSG00000102418,-0.598910906093701
22594,Ikzf1_Plate15,ENSMUSG00000102423,0.382974726513863
22595,Ikzf1_Plate15,ENSMUSG00000102539,1.0001263584525
22596,Ikzf1_Plate15,ENSMUSG00000102620,0.45889453169457706
22598,Ikzf1_Plate15,ENSMUSG00000102808,0.39286790167490104
22599,Ikzf1_Plate15,ENSMUSG00000102856,0.482440290799392
22602,Ikzf1_Plate15,ENSMUSG00000103151,1.09767322351241
22603,Ikzf1_Plate15,ENSMUSG00000103159,0.7021732486694029
22604,Ikzf1_Plate15,ENSMUSG00000103284,0.5332158953230979
22605,Ikzf1_Plate15,ENSMUSG00000103291,1.31475285137697
22607,Ikzf1_Plate15,ENSMUSG00000103572,1.17090512508577
22609,Ikzf1_Plate15,ENSMUSG00000103885,1.05777192601807
22610,Ikzf1_Plate15,ENSMUSG00000103898,-1.548681114703
22611,Ikzf1_Plate15,ENSMUSG00000103976,0.9588130438473509
22612,Ikzf1_Plate15,ENSMUSG00000104235,0.458937686399326
22613,Ikzf1_Plate15,ENSMUSG00000104339,0.47393822885983505
22614,Ikzf1_Plate15,ENSMUSG00000104529,-0.43565285601586207
22615,Ikzf1_Plate15,ENSMUSG00000104581,0.6453404236011511
22616,Ikzf1_Plate15,ENSMUSG00000104888,2.0635850340834
22617,Ikzf1_Plate15,ENSMUSG00000105123,1.53436268796271
22619,Ikzf1_Plate15,ENSMUSG00000105652,-0.238882591215448
22621,Ikzf1_Plate15,ENSMUSG00000106041,1.80673496444665
22624,Ikzf1_Plate15,ENSMUSG00000106387,-1.2486980669903702
22625,Ikzf1_Plate15,ENSMUSG00000106749,0.736521584619148
22628,Ikzf1_Plate15,ENSMUSG00000107118,0.6480471137005179
22629,Ikzf1_Plate15,ENSMUSG00000107227,1.2645498247273101
22630,Ikzf1_Plate15,ENSMUSG00000107511,0.538555664418342
22631,Ikzf1_Plate15,ENSMUSG00000107595,0.482647035220016
22632,Ikzf1_Plate15,ENSMUSG00000107610,-0.910679059995262
22634,Ikzf1_Plate15,ENSMUSG00000107804,0.39867550795291207
22635,Ikzf1_Plate15,ENSMUSG00000107919,1.83892106529008
22637,Ikzf1_Plate15,ENSMUSG00000109157,0.558746498436853
22641,Ikzf1_Plate15,ENSMUSG00000110397,0.563490411293657
22642,Ikzf1_Plate15,ENSMUSG00000110647,-0.47379333916937394
22645,Ikzf1_Plate15,ENSMUSG00000112146,1.88098037643103
22647,Ikzf1_Plate15,ENSMUSG00000112391,1.10694902842677
22649,Ikzf1_Plate15,ENSMUSG00000113140,1.39267877045276
22650,Ikzf1_Plate15,ENSMUSG00000113183,0.6344129138570379
22651,Ikzf1_Plate15,ENSMUSG00000113349,0.7980683069564201
22653,Ikzf1_Plate15,ENSMUSG00000114205,0.7734838300555551
22654,Ikzf1_Plate15,ENSMUSG00000114329,1.0332469777949398
22655,Ikzf1_Plate15,ENSMUSG00000114884,1.97595193539707
22656,Ikzf1_Plate15,ENSMUSG00000115338,0.24284844806732997
22658,Ikzf1_Plate15,ENSMUSG00000116021,1.1071805077532801
22659,Ikzf1_Plate15,ENSMUSG00000116919,0.9531736631472559
